model,loss,accuracy,precision,f1_score,accuracy_for_glass,accuracy_for_metal,accuracy_for_cardboard,accuracy_for_plastic,accuracy_for_paper,accuracy_for_trash
RandomForestClassifier,,0.7233201581027668,0.7305472006315514,0.6940923544854868,0.7222222222222222,0.5789473684210527,0.776595744680851,0.6881720430107527,0.8461538461538461,0.4444444444444444
